	Unnamed: 0	Unnamed: 0.1	Unnamed: 0.1.1	Unnamed: 0.1.1.1	Unnamed: 0.1.1.1.1	Unnamed: 0.1.1.1.1.1	Unnamed: 0.1.1.1.1.1.1	Unnamed: 0.1.1.1.1.1.1.1	Unnamed: 0.1.1.1.1.1.1.1.1	Unnamed: 0.1.1.1.1.1.1.1.1.1	Unnamed: 0.1.1.1.1.1.1.1.1.1.1	Unnamed: 0.1.1.1.1.1.1.1.1.1.1.1	Unnamed: 0.1.1.1.1.1.1.1.1.1.1.1.1	Unnamed: 0.1.1.1.1.1.1.1.1.1.1.1.1.1	Unnamed: 0.1.1.1.1.1.1.1.1.1.1.1.1.1.1	Unnamed: 0.1.1.1.1.1.1.1.1.1.1.1.1.1.1.1	Unnamed: 0.1.1.1.1.1.1.1.1.1.1.1.1.1.1.1.1	Unnamed: 0.1.1.1.1.1.1.1.1.1.1.1.1.1.1.1.1.1	Unnamed: 0.1.1.1.1.1.1.1.1.1.1.1.1.1.1.1.1.1.1	Unnamed: 0.1.1.1.1.1.1.1.1.1.1.1.1.1.1.1.1.1.1.1	Unnamed: 0.1.1.1.1.1.1.1.1.1.1.1.1.1.1.1.1.1.1.1.1	Unnamed: 0.1.1.1.1.1.1.1.1.1.1.1.1.1.1.1.1.1.1.1.1.1	Unnamed: 0.1.1.1.1.1.1.1.1.1.1.1.1.1.1.1.1.1.1.1.1.1.1	Unnamed: 0.1.1.1.1.1.1.1.1.1.1.1.1.1.1.1.1.1.1.1.1.1.1.1	Unnamed: 0.1.1.1.1.1.1.1.1.1.1.1.1.1.1.1.1.1.1.1.1.1.1.1.1	Unnamed: 0.1.1.1.1.1.1.1.1.1.1.1.1.1.1.1.1.1.1.1.1.1.1.1.1.1	Unnamed: 0.1.1.1.1.1.1.1.1.1.1.1.1.1.1.1.1.1.1.1.1.1.1.1.1.1.1	Unnamed: 0.1.1.1.1.1.1.1.1.1.1.1.1.1.1.1.1.1.1.1.1.1.1.1.1.1.1.1	Unnamed: 0.1.1.1.1.1.1.1.1.1.1.1.1.1.1.1.1.1.1.1.1.1.1.1.1.1.1.1.1	Unnamed: 0.1.1.1.1.1.1.1.1.1.1.1.1.1.1.1.1.1.1.1.1.1.1.1.1.1.1.1.1.1	Unnamed: 0.1.1.1.1.1.1.1.1.1.1.1.1.1.1.1.1.1.1.1.1.1.1.1.1.1.1.1.1.1.1	Unnamed: 0.1.1.1.1.1.1.1.1.1.1.1.1.1.1.1.1.1.1.1.1.1.1.1.1.1.1.1.1.1.1.1	Unnamed: 0.1.1.1.1.1.1.1.1.1.1.1.1.1.1.1.1.1.1.1.1.1.1.1.1.1.1.1.1.1.1.1.1	Unnamed: 0.1.1.1.1.1.1.1.1.1.1.1.1.1.1.1.1.1.1.1.1.1.1.1.1.1.1.1.1.1.1.1.1.1	Unnamed: 0.1.1.1.1.1.1.1.1.1.1.1.1.1.1.1.1.1.1.1.1.1.1.1.1.1.1.1.1.1.1.1.1.1.1	Unnamed: 0.1.1.1.1.1.1.1.1.1.1.1.1.1.1.1.1.1.1.1.1.1.1.1.1.1.1.1.1.1.1.1.1.1.1.1	Nutrient	Total Carbohydrate	Total Carbohydrate_units	Total Carbohydrate%	Dietary Fiber	Dietary Fiber_units	Dietary Fiber%	Starch	Starch_units	Starch%	Sugars	Sugars_units	Sugars%	Sucrose	Sucrose_units	Sucrose%	Glucose	Glucose_units	Glucose%	Fructose	Fructose_units	Fructose%	Lactose	Lactose_units	Lactose%	Maltose	Maltose_units	Maltose%	Galactose	Galactose_units	Galactose%	Total Fat	Total Fat_units	Total Fat%	Saturated Fat	Saturated Fat_units	Saturated Fat%	4:00	4:00_units	4:00%	6:00	6:00_units	6:00%	8:00	8:00_units	8:00%	10:00	10:00_units	10:00%	12:00	12:00_units	12:00%	13:00	13:00_units	13:00%	14:00	14:00_units	14:00%	15:00	15:00_units	15:00%	16:00	16:00_units	16:00%	17:00	17:00_units	17:00%	18:00	18:00_units	18:00%	19:00	19:00_units	19:00%	20:00	20:00_units	20:00%	22:00	22:00_units	22:00%	24:00:00	24:00:00_units	24:00:00%	Monounsaturated Fat	Monounsaturated Fat_units	Monounsaturated Fat%	14:01	14:01_units	14:01%	15:01	15:01_units	15:01%	16:1 undifferentiated	16:1 undifferentiated_units	16:1 undifferentiated%	16:1 c	16:1 c_units	16:1 c%	16:1 t	16:1 t_units	16:1 t%	17:01	17:01_units	17:01%	18:1 undifferentiated	18:1 undifferentiated_units	18:1 undifferentiated%	18:1 c	18:1 c_units	18:1 c%	18:1 t	18:1 t_units	18:1 t%	20:01	20:01_units	20:01%	22:1 undifferentiated	22:1 undifferentiated_units	22:1 undifferentiated%	22:1 c	22:1 c_units	22:1 c%	22:1 t	22:1 t_units	22:1 t%	24:1 c	24:1 c_units	24:1 c%	Polyunsaturated Fat	Polyunsaturated Fat_units	Polyunsaturated Fat%	16:2 undifferentiated	16:2 undifferentiated_units	16:2 undifferentiated%	18:2 undifferentiated	18:2 undifferentiated_units	18:2 undifferentiated%	18:2 n-6 c,c	18:2 n-6 c,c_units	18:2 n-6 c,c%	18:2 c,t	18:2 c,t_units	18:2 c,t%	18:2 t,c	18:2 t,c_units	18:2 t,c%	18:2 t,t	18:2 t,t_units	18:2 t,t%	18:2 i	18:2 i_units	18:2 i%	18:2 t not further defined	18:2 t not further defined_units	18:2 t not further defined%	18:03	18:03_units	18:03%	18:3 n-3, c,c,c	18:3 n-3, c,c,c_units	18:3 n-3, c,c,c%	18:3 n-6, c,c,c	18:3 n-6, c,c,c_units	18:3 n-6, c,c,c%	18:4 undifferentiated	18:4 undifferentiated_units	18:4 undifferentiated%	20:2 n-6 c,c	20:2 n-6 c,c_units	20:2 n-6 c,c%	20:3 undifferentiated	20:3 undifferentiated_units	20:3 undifferentiated%	20:3 n-3	20:3 n-3_units	20:3 n-3%	20:3 n-6	20:3 n-6_units	20:3 n-6%	20:4 undifferentiated	20:4 undifferentiated_units	20:4 undifferentiated%	20:4 n-3	20:4 n-3_units	20:4 n-3%	20:4 n-6	20:4 n-6_units	20:4 n-6%	20:5 n-3	20:5 n-3_units	20:5 n-3%	22:02	22:02_units	22:02%	22:5 n-3	22:5 n-3_units	22:5 n-3%	22:6 n-3	22:6 n-3_units	22:6 n-3%	Total trans fatty acids	Total trans fatty acids_units	Total trans fatty acids%	Total trans-monoenoic fatty acids	Total trans-monoenoic fatty acids_units	Total trans-monoenoic fatty acids%	Total trans-polyenoic fatty acids	Total trans-polyenoic fatty acids_units	Total trans-polyenoic fatty acids%	Total Omega-3 fatty acids	Total Omega-3 fatty acids_units	Total Omega-3 fatty acids%	Total Omega-6 fatty acids	Total Omega-6 fatty acids_units	Total Omega-6 fatty acids%	Protein	Protein_units	Protein%	Tryptophan	Tryptophan_units	Tryptophan%	Threonine	Threonine_units	Threonine%	Isoleucine	Isoleucine_units	Isoleucine%	Leucine	Leucine_units	Leucine%	Lysine	Lysine_units	Lysine%	Methionine	Methionine_units	Methionine%	Cystine	Cystine_units	Cystine%	Phenylalanine	Phenylalanine_units	Phenylalanine%	Tyrosine	Tyrosine_units	Tyrosine%	Valine	Valine_units	Valine%	Arginine	Arginine_units	Arginine%	Histidine	Histidine_units	Histidine%	Alanine	Alanine_units	Alanine%	Aspartic acid	Aspartic acid_units	Aspartic acid%	Glutamic acid	Glutamic acid_units	Glutamic acid%	Glycine	Glycine_units	Glycine%	Proline	Proline_units	Proline%	Serine	Serine_units	Serine%	Hydroxyproline	Hydroxyproline_units	Hydroxyproline%	Vitamin A	Vitamin A_units	Vitamin A%	Retinol	Retinol_units	Retinol%	Retinol Activity Equivalent	Retinol Activity Equivalent_units	Retinol Activity Equivalent%	Alpha Carotene	Alpha Carotene_units	Alpha Carotene%	Beta Carotene	Beta Carotene_units	Beta Carotene%	Beta Cryptoxanthin	Beta Cryptoxanthin_units	Beta Cryptoxanthin%	Lycopene	Lycopene_units	Lycopene%	Lutein+Zeaxanthin	Lutein+Zeaxanthin_units	Lutein+Zeaxanthin%	Vitamin C	Vitamin C_units	Vitamin C%	Vitamin D	Vitamin D_units	Vitamin D%	Vitamin E (Alpha Tocopherol)	Vitamin E (Alpha Tocopherol)_units	Vitamin E (Alpha Tocopherol)%	Beta Tocopherol	Beta Tocopherol_units	Beta Tocopherol%	Gamma Tocopherol	Gamma Tocopherol_units	Gamma Tocopherol%	Delta Tocopherol	Delta Tocopherol_units	Delta Tocopherol%	Vitamin K	Vitamin K_units	Vitamin K%	Thiamin	Thiamin_units	Thiamin%	Riboflavin	Riboflavin_units	Riboflavin%	Niacin	Niacin_units	Niacin%	Vitamin B6	Vitamin B6_units	Vitamin B6%	Folate	Folate_units	Folate%	Food Folate	Food Folate_units	Food Folate%	Folic Acid	Folic Acid_units	Folic Acid%	Dietary Folate Equivalents	Dietary Folate Equivalents_units	Dietary Folate Equivalents%	Vitamin B12	Vitamin B12_units	Vitamin B12%	Pantothenic Acid	Pantothenic Acid_units	Pantothenic Acid%	Choline	Choline_units	Choline%	Betaine	Betaine_units	Betaine%	Calcium	Calcium_units	Calcium%	Iron	Iron_units	Iron%	Magnesium	Magnesium_units	Magnesium%	Phosphorus	Phosphorus_units	Phosphorus%	Potassium	Potassium_units	Potassium%	Sodium	Sodium_units	Sodium%	Zinc	Zinc_units	Zinc%	Copper	Copper_units	Copper%	Manganese	Manganese_units	Manganese%	Selenium	Selenium_units	Selenium%	Fluoride	Fluoride_units	Fluoride%	Cholesterol	Cholesterol_units	Cholesterol%	Phytosterols	Phytosterols_units	Phytosterols%	Campesterol	Campesterol_units	Campesterol%	Stigmasterol	Stigmasterol_units	Stigmasterol%	Beta-sitosterol	Beta-sitosterol_units	Beta-sitosterol%	Alcohol	Alcohol_units	Alcohol%	Water	Water_units	Water%	Ash	Ash_units	Ash%	Caffeine	Caffeine_units	Caffeine%	Theobromine	Theobromine_units	Theobromine%
0	0.0	0.0	0.0	0.0	0.0	0.0	0.0	0.0	0.0	0.0	0.0	0.0	0.0	0.0	0.0	0.0	0.0	0.0	0.0	0.0	0.0	0.0	0.0	0.0	0.0	0.0	0.0	0.0	0.0	0.0	0.0	0.0	0.0	0.0	0.0	1.0	Milk, indian buffalo, fluid	5.180464	g	1.726821333333333	0.0	g	0.0																									6.890874	g	10.601344615384617	4.59685	g	22.98425	275.9857	mg		153.01889	mg		71.00893	mg		140.98398	mg		166.99059	mg					703.0739	mg					1999.0667	mg					681.94214	mg														1.7871153000000002	g								141.98387	mg											1566.0284	mg																							0.14598978	g					69.98983	mg																				75.98886999999998	mg																							0.0	mg																													75.98886999999998	mg		69.98983	mg		3.7496407	g	7.4992814	52.99285500000001	mg		182.00397	mg		203.00862	mg		366.0296	mg		280.0042	mg		97.00157	mg		48.000683	mg		162.02348	mg		183.00061	mg		218.99742	mg		114.01263	mg		77.992065	mg		131.99881000000002	mg		309.02545	mg		476.9498	mg		79.99665999999998	mg		364.03616	mg		227.02003	mg					178.01419	IU	3.560283800000001	52.99285500000001	mcg		52.99285500000001	mcg																	2.2999694	mg	3.833282333333334																			0.052008193	mg	3.467212866666667	0.13499586	mg	7.940932941176469	0.09099031	mg	0.45495155	0.02299783	mg	1.1498915	5.9997916	mcg	1.4999479	5.9997916	mcg		0.0	mcg		5.9997916	mcg		0.35999107	mcg	5.999851166666668	0.19201522	mg	1.9201522							168.98723	mg	16.898723	0.11998849	mg	0.6666027222222222	31.00055	mg	7.750137499999999	117.01818	mg	11.701818	178.01419	mg	5.086119714285714	51.997932	mg	2.1665805000000002	0.21996589	mg	1.4664392666666666	0.046007406	mg	2.3003703	0.017999765	mg	0.89998825							18.999727	mg	6.333242333333334													0.0	g		83.38134000000002	g		0.790006	g							
1	1.0	1.0	1.0	1.0	1.0	1.0	1.0	1.0	1.0	1.0	1.0	1.0	1.0	1.0	1.0	1.0	1.0	1.0	1.0	1.0	1.0	1.0	1.0	1.0	1.0	1.0	1.0	1.0	1.0	1.0	1.0	1.0	1.0	1.0	1.0	1.0	Jaggery (Indian raw sugar)	98.0	g	32.666666666666664	0.0	g	0.0				97.0	g																				0.0	g	0.0	0.0	g	0.0																																																																																																																																																																			0.0	g														0.099999994	g	0.199999988																																																										0.0	IU	0.0																						0.0	mg	0.0	0.0	IU	0.0	0.0	mg	0.0										0.0	mcg	0.0	0.0	mg	0.0	0.0	mg	0.0	2.0	mg	10.0	0.39999998	mg	19.999999	0.0	mcg	0.0										0.0	mcg	0.0	1.0	mg	10.0							80.0	mg	8.0	5.4	mg	30.0	160.0	mg	40.0	40.0	mg	4.0	140.0	mg	4.0	30.000002	mg	1.2500000833333331	0.0	mg	0.0	0.0	mg	0.0	0.099999994	mg	4.9999997	1.4000001	mcg	2.000000142857143				0.0	mg	0.0																											
2	2.0	2.0	2.0	2.0	2.0	2.0	2.0	2.0	2.0	2.0	2.0	2.0	2.0	2.0	2.0	2.0	2.0	2.0	2.0	2.0	2.0	2.0	2.0	2.0	2.0	2.0	2.0	2.0	2.0	2.0	2.0	2.0	2.0	2.0	1.0		Cheese, cottage, lowfat, 1% milkfat	2.7200406000000004	g	0.9066802	0.0	g	0.0	0.0	g		2.7200406000000004	g																				1.0201514999999999	g	1.5694638461538462	0.64508325	g	3.22541625	33.004616	mg		7.0002130000000005	mg		8.001201	mg		18.999727	mg		15.999457999999999	mg					106.98669	mg					308.0343299999999	mg					116.00763	mg														0.29102490000000003	g								35.995106	mg											238.99337999999997	mg								0.0	mg		0.0	mg											0.031001687000000007	g					21.99718	mg																				8.999572	mg								0.0	mg														0.0	mg								0.0	mg					0.0	mg		0.0	mg											8.999572	mg		21.99718	mg		12.389319	g	24.778638	137.98203	mg		550.0665	mg		727.8939	mg		1274.1901	mg		1002.02985	mg		373.03305	mg		115.0058	mg		668.06525	mg		659.95984	mg		767.02277	mg		564.92993	mg		411.9609	mg		643.00916	mg		838.9413	mg		2683.8481	mg		270.02243	mg		1435.0034	mg		694.9901	mg					40.99647	IU	0.8199294	11.000802	mcg		11.000802	mcg		0.0	mcg		3.0001352000000003	mcg		0.0	mcg		0.0	mcg		0.0	mcg		0.0	mg	0.0				0.010001244	mg	0.05000622										0.10000421	mcg	0.1250052625	0.020997066	mg	1.3998044	0.16502038	mg	9.707081176470588	0.12801674	mg	0.6400836999999999	0.06800502	mg	3.4002510000000004	12.00148	mcg	3.00037	12.00148	mcg		0.0	mcg		12.00148	mcg		0.6299061	mcg	10.498435	0.21498322	mg	2.1498322	17.49971	mg					60.999145999999996	mg	6.099914599999999	0.13997783	mg	0.7776546111111111	5.0005703	mg	1.250142575	134.00685	mg	13.400684999999998	85.992775	mg	2.4569364285714292	406.0486	mg	16.918691666666668	0.380008	mg	2.5333866666666665	0.02799635	mg	1.3998175	0.0030005984000000003	mg	0.15002991999999998	8.999572	mcg	12.85653142857143	31.60387	mcg		3.9998012000000003	mg	1.3332670666666666													0.0	g		82.47559	g		1.389909	g		0.0	mg		0.0	mg	
3	3.0	3.0	3.0	3.0	3.0	3.0	3.0	3.0	3.0	3.0	3.0	3.0	3.0	3.0	3.0	3.0	3.0	3.0	3.0	3.0	3.0	3.0	3.0	3.0	3.0	3.0	3.0	3.0	3.0	3.0	3.0	3.0	3.0	1.0			Mung beans, mature seeds, cooked, boiled, without salt	19.152935	g	6.384311666666667	7.6003	g	30.4012				1.9998937	g																				0.380008	g	0.5846276923076923	0.11601325	g	0.58006625	0.0	mg		0.0	mg		0.0	mg		0.0	mg		0.0	mg					0.0	mg					83.00719000000002	mg					23.998045	mg														0.054003034000000005	g								0.0	mg											54.006813	mg								0.0	mg		0.0	mg											0.12801674	g					118.9893	mg																				8.999572	mg								0.0	mg														0.0	mg								0.0	mg					0.0	mg		0.0	mg											8.999572	mg		118.9893	mg		7.020484	g	14.040968	75.98886999999998	mg		230.0298	mg		296.95795	mg		543.9167	mg		489.99487	mg		83.99968	mg		62.006737	mg		424.99957	mg		209.97284	mg		364.03616	mg		492.0454	mg		204.97449	mg		309.02545	mg		811.89813	mg		1255.9034	mg		280.99536	mg		323.03284	mg		346.02054	mg					23.998045	IU	0.4799609	0.0	mcg		1.0000149	mcg		0.0	mcg		13.997976	mcg		0.0	mcg		0.0	mcg		0.0	mcg		1.0000149	mg	1.6666915				0.15001008	mg	0.7500503999999999										2.7000108	mcg	3.3750135	0.16401017	mg	10.934011333333332	0.061004594	mg	3.5885055294117647	0.5769344	mg	2.884672	0.06699285	mg	3.3496425000000003	158.98158	mcg	39.745395	158.98158	mcg		0.0	mcg		158.98158	mcg		0.0	mcg	0.0	0.41001576	mg	4.1001576	29.400146000000003	mg					27.000887	mg	2.7000887	1.4002237	mg	7.779020555555554	48.000683	mg	12.00017075	98.98468	mg	9.898468	265.97626	mg	7.599321714285716	1.9998937	mg	0.08332890416666668	0.8400584000000001	mg	5.600389333333332	0.1559953	mg	7.799765	0.2979538	mg	14.897689999999999	2.5004015	mcg	3.572002142857144				0.0	mg	0.0													0.0	g		72.67045	g		0.790006	g		0.0	mg		0.0	mg	
4	4.0	4.0	4.0	4.0	4.0	4.0	4.0	4.0	4.0	4.0	4.0	4.0	4.0	4.0	4.0	4.0	4.0	4.0	4.0	4.0	4.0	4.0	4.0	4.0	4.0	4.0	4.0	4.0	4.0	4.0	4.0	4.0	1.0				Milk, nonfat, fluid, without added vitamin A (fat free or skim)	5.089722599999999	g	1.6965742	0.0	g	0.0	0.0	g		5.089722599999999	g																				0.18000458	g	0.27693012307692305	0.11699465	g	0.58497325	8.999572	mg		1.0000149	mg		1.9998936999999999	mg		3.9998012000000003	mg		3.0001352000000003	mg					17.000992	mg					52.99285500000001	mg					18.999727	mg														0.04699925	g								7.0002130000000005	mg											38.0033	mg								0.0	mg		0.0	mg											0.0069992254000000005	g					5.0005703	mg																				1.9998936999999999	mg								0.0	mg														0.0	mg								0.0	mg					0.0	mg		0.0	mg											1.9998936999999999	mg		5.0005703	mg		3.4105364999999996	g	6.8210729999999975	48.000683	mg		154.00516000000005	mg		206.03072	mg		334.00714	mg		270.02243	mg		85.992775	mg		32.002308	mg		165.01753	mg		165.01753	mg		227.97006000000002	mg		122.9922	mg		91.99396999999999	mg		117.999626	mg		258.97836	mg		713.9988	mg		71.9966	mg		329.95474	mg		185.0103	mg					7.0002130000000005	IU	0.14000426	1.9998936999999999	mcg		1.9998936999999999	mcg																	1.0000149	mg	1.6666915				0.03999539	mg	0.19997695													0.036002528	mg	2.4001685333333334	0.13997783	mg	8.233989999999999	0.08799642	mg	0.4399821	0.03999539	mg	1.9997695	5.0005703	mcg	1.250142575	5.0005703	mcg		0.0	mcg		5.0005703	mcg		0.380008	mcg	6.333466666666666	0.329045	mg	3.29045							122.9922	mg	12.29922	0.03999539	mg	0.2221966111111111	11.000802	mg	2.7502005	101.00833	mg	10.100833	165.97446000000005	mg	4.742127428571427	51.997932	mg	2.1665805	0.399974	mg	2.6664933333333334	0.011001872	mg	0.5500936	0.0020000192	mg	0.10000096	2.1000167999999997	mcg	3.000024				1.9998936999999999	mg	0.6666312333333334													0.0	g		90.79029	g		0.76009446	g							
5	5.0	5.0	5.0	5.0	5.0	5.0	5.0	5.0	5.0	5.0	5.0	5.0	5.0	5.0	5.0	5.0	5.0	5.0	5.0	5.0	5.0	5.0	5.0	5.0	5.0	5.0	5.0	5.0	5.0	5.0	5.0	1.0					Mung beans, mature seeds, raw	62.62731	g	20.875770000000006	16.300365	g	65.20146				6.6005054	g																				1.150138	g	1.769443076923077	0.34801805	g	1.7400902500000002	0.0	mg		0.0	mg		0.0	mg		0.0	mg		0.0	mg					0.0	mg					249.98695	mg					71.00893	mg														0.16101627	g								0.0	mg											160.98587	mg								0.0	mg		0.0	mg											0.38394478	g					356.9722	mg																				27.000887	mg								0.0	mg														0.0	mg								0.0	mg					0.0	mg		0.0	mg											27.000887	mg		356.9722	mg		23.859678	g	47.719356	259.9786	mg		781.9497700000003	mg		1007.8406	mg		1847.174	mg		1664.0526	mg		286.0041	mg		209.97284	mg		1442.8613	mg		713.9988	mg		1237.0842	mg		1672.0902	mg		694.9901	mg		1050.1447	mg		2756.3687	mg		4263.7515	mg		953.972	mg		1094.9277	mg		1175.8629	mg					114.01263	IU	2.2802526000000003	0.0	mcg		5.9997916	mcg		0.0	mcg		67.99529	mcg		0.0	mcg		0.0	mcg		0.0	mcg		4.800629	mg	8.001048333333333				0.5100298	mg	2.550149										8.999572	mcg	11.249465	0.62105143	mg	41.403428666666656	0.23296884	mg	13.704049411764707	2.2509756000000003	mg	11.254878	0.38197133	mg	19.0985665	625.08673	mcg	156.2716825	625.08673	mcg		0.0	mcg		625.08673	mcg		0.0	mcg	0.0	1.910059	mg	19.10059	97.90945	mg					131.99881000000002	mg	13.199881	6.739795	mg	37.44330555555555	188.97467	mg	47.2436675	366.97147	mg	36.697147	1245.8579	mg	35.59594	14.998988	mg	0.6249578333333334	2.680128	mg	17.867520000000006	0.94104826	mg	47.052413	1.0350199	mg	51.750995	8.198969	mcg	11.712812857142856				0.0	mg	0.0	23.001692	mg											0.0	g		9.048858	g		3.3197120000000004	g		0.0	mg		0.0	mg	
6	6.0	6.0	6.0	6.0	6.0	6.0	6.0	6.0	6.0	6.0	6.0	6.0	6.0	6.0	6.0	6.0	6.0	6.0	6.0	6.0	6.0	6.0	6.0	6.0	6.0	6.0	6.0	6.0	6.0	6.0	1.0						Butter, without salt	0.059997055999999986	g	0.01999901866666667	0.0	g	0.0	0.0	g		0.059997055999999986	g																				81.10934	g	124.7836	51.367046	g	256.83522999999997	3226.244	mg		2006.7875	mg		1189.9221	mg		2528.9988	mg		2587.3418	mg					7435.0454	mg					21697.507999999998	mg		560.0513	mg		9997.97	mg					137.98203	mg								21.023026	g								961.0464	mg		961.0464	mg								19958.93	mg		16975.564	mg		2982.066	mg		100.00745	mg		0.0	mg											3.0428553	g					2728.1797	mg		2166.231	mg											296.00555	mg					315.0394	mg		315.0394	mg					0.0	mg														0.0	mg								0.0	mg					0.0	mg		0.0	mg											315.0394	mg		2728.1797	mg		0.8501146	g	1.7002292	12.00148	mg		38.0033	mg		51.005302	mg		83.00719000000002	mg		66.99792	mg		21.002775	mg		8.001201	mg		40.99647	mg		40.99647	mg		57.00155	mg		31.00055	mg		23.001692000000002	mg		28.996819	mg		63.98985	mg		178.01418999999999	mg		18.00149	mg		82.00008000000003	mg		45.993046	mg					2499.118	IU	49.98236	671.0765	mcg		683.91656	mcg		0.0	mcg		158.0142	mcg		0.0	mcg		0.0	mcg		0.0	mcg		0.0	mg	0.0				2.320013	mg	11.600065	0.0	mg		0.0	mg		0.0	mg		7.0002130000000005	mcg	8.75026625	0.0050004874	mg	0.33336582666666664	0.034002267	mg	2.0001333529411767	0.04200530400000002	mg	0.21002652	0.0030005984000000003	mg	0.15002991999999998	3.0001352000000003	mcg	0.7500338000000001	3.0001352000000003	mcg		0.0	mcg		3.0001352000000003	mcg		0.17000008	mcg	2.833334666666667	0.11000829	mg	1.1000829	18.79937	mg					23.998045	mg	2.3998044999999997	0.02000271	mg	0.11112616666666668	1.9998936999999999	mg	0.499973425	23.998045	mg	2.3998044999999997	23.998045	mg	0.6856584285714287	11.000802	mg	0.45836675	0.08999106	mg	0.5999403999999999	0.01600113	mg	0.8000565	0.0039997105	mg	0.199985525	1.0000149	mcg	1.4285927142857144	2.799857	mcg		215.02397000000002	mg	71.67465666666666				0.0	mg		0.0	mg		3.9998012000000003	mg		0.0	g		17.937988	g		0.03999539	g		0.0	mg		0.0	mg	
7	7.0	7.0	7.0	7.0	7.0	7.0	7.0	7.0	7.0	7.0	7.0	7.0	7.0	7.0	7.0	7.0	7.0	7.0	7.0	7.0	7.0	7.0	7.0	7.0	7.0	7.0	7.0	7.0	7.0	1.0							Vegetable oil, mustard	0.0	g	0.0	0.0	g	0.0	0.0	g		0.0	g																				100.00745	g	153.8576153846154	11.581049	g	57.905245																			1387.8542	mg					3749.6252	mg					1119.1083	mg														59.184723	g								215.99318	mg											11608.71	mg								6189.042	mg		41171.12	mg											21.226614	g					15332.027	mg																				5899.7886	mg																																																					5899.7886	mg		15332.027	mg		0.0	g	0.0	0.0	mg		0.0	mg		0.0	mg		0.0	mg		0.0	mg		0.0	mg		0.0	mg		0.0	mg		0.0	mg		0.0	mg		0.0	mg		0.0	mg		0.0	mg		0.0	mg		0.0	mg		0.0	mg		0.0	mg		0.0	mg		0.0	mg		0.0	IU	0.0	0.0	mcg		0.0	mcg																	0.0	mg	0.0																			0.0	mg	0.0	0.0	mg	0.0	0.0	mg	0.0	0.0	mg	0.0	0.0	mcg	0.0	0.0	mcg		0.0	mcg		0.0	mcg		0.0	mcg	0.0	0.0	mg	0.0							0.0	mg	0.0	0.0	mg	0.0	0.0	mg	0.0	0.0	mg	0.0	0.0	mg	0.0	0.0	mg	0.0	0.0	mg	0.0	0.0	mg	0.0	0.0	mg	0.0	0.0	mcg	0.0																			0.0	g		0.0	g		0.0	g							
8	8.0	8.0	8.0	8.0	8.0	8.0	8.0	8.0	8.0	8.0	8.0	8.0	8.0	8.0	8.0	8.0	8.0	8.0	8.0	8.0	8.0	8.0	8.0	8.0	8.0	8.0	8.0	8.0	1.0								Vegetable oil, coconut	0.0	g	0.0	0.0	g	0.0	0.0	g		0.0	g		0.0	mg		0.0	mg		0.0	mg		0.0	mg		0.0	mg		0.0	mg		100.00745	g	153.8576153846154	86.49145	g	432.45725	0.0	mg		599.9057	mg		7499.8125	mg		5999.1669999999995	mg		44599.57	mg					16801.959	mg					8200.384	mg					2800.0984	mg														5.800763	g								0.0	mg											5800.193	mg								0.0	mg		0.0	mg											1.7997968999999998	g					1799.7306	mg																				0.0	mg								0.0	mg														0.0	mg								0.0	mg					0.0	mg		0.0	mg														1799.7306	mg		0.0	g	0.0	0.0	mg		0.0	mg		0.0	mg		0.0	mg		0.0	mg		0.0	mg		0.0	mg		0.0	mg		0.0	mg		0.0	mg		0.0	mg		0.0	mg		0.0	mg		0.0	mg		0.0	mg		0.0	mg		0.0	mg		0.0	mg		0.0	mg		0.0	IU	0.0	0.0	mcg		0.0	mcg		0.0	mcg		0.0	mcg		0.0	mcg		0.0	mcg		0.0	mcg		0.0	mg	0.0				0.08999106	mg	0.4499553	0.0	mg		0.19998784	mg		0.0	mg		0.49995255	mcg	0.6249406875	0.0	mg	0.0	0.0	mg	0.0	0.0	mg	0.0	0.0	mg	0.0	0.0	mcg	0.0	0.0	mcg		0.0	mcg		0.0	mcg		0.0	mcg	0.0	0.0	mg	0.0	0.29997736	mg					0.0	mg	0.0	0.03999539	mg	0.2221966111111111	0.0	mg	0.0	0.0	mg	0.0	0.0	mg	0.0	0.0	mg	0.0	0.0	mg	0.0	0.0	mg	0.0	0.0	mg	0.0	0.0	mcg	0.0				0.0	mg	0.0	85.992775	mg											0.0	g		0.0	g		0.0	g		0.0	mg		0.0	mg	
9	9.0	9.0	9.0	9.0	9.0	9.0	9.0	9.0	9.0	9.0	9.0	9.0	9.0	9.0	9.0	9.0	9.0	9.0	9.0	9.0	9.0	9.0	9.0	9.0	9.0	9.0	9.0	1.0									Mushrooms, white, raw	3.2804768	g	1.0934922666666669	1.0000149	g	4.0000596	0.0	g		1.65019	g		0.0	mg		1479.946	mg		170.02178999999995	mg		0.0	mg		0.0	mg		0.0	mg		0.34003833	g	0.5231358923076923	0.042997424000000006	g	0.21498712	0.0	mg		0.0	mg		0.0	mg		0.0	mg		0.0	mg					0.0	mg		0.0	mg		35.00304000000001	mg		0.0	mg		8.999572	mg					0.0	mg		0.0	mg		0.0	mg		0.0	g		0.0	mg		0.0	mg		0.0	mg		0.0	mg		0.0	mg		0.0	mg		0.0	mg		0.0	mg		0.0	mg		0.0	mg		0.0	mg		0.0	mg		0.0	mg		0.0	mg		0.13898504	g					139.00528	mg																				0.0	mg								0.0	mg		0.0	mg		0.0	mg								0.0	mg								0.0	mg					0.0	mg		0.0	mg														139.00528	mg		3.0901527	g	6.1803054	35.00304000000001	mg		106.98669	mg		75.98886999999998	mg		119.98728	mg		106.98669	mg		31.00055	mg		12.00148	mg		85.004036	mg		43.998653	mg		232.03362	mg		77.992065	mg		57.00155	mg		199.00539	mg		195.01843	mg		343.03238	mg		91.99397	mg		75.98886999999998	mg		93.995415	mg					0.0	IU	0.0	0.0	mcg		0.0	mcg		0.0	mcg		0.0	mcg		0.0	mcg		0.0	mcg		0.0	mcg		2.1000168	mg	3.5000280000000004	18.00149	IU	4.5003725	0.010001244	mg	0.05000622	0.010001244	mg		0.010001244	mg		0.010001244	mg		0.0	mcg	0.0	0.080996916	mg	5.3997944	0.40204018	mg	23.64942235294118	3.606653	mg	18.033265	0.10400747	mg	5.2003735	15.999458	mcg	3.9998644999999997	15.999458	mcg		0.0	mcg		15.999458	mcg		0.03999539	mcg	0.6665898333333333	1.4970473	mg	14.970472999999998	17.29849	mg		9.401503	mg		3.0001352000000003	mg	0.30001352	0.49995255	mg	2.7775141666666667	8.999572	mg	2.249893	85.992775	mg	8.5992775	317.98795	mg	9.08537	5.0005703	mg	0.2083570958333333	0.5199749	mg	3.466499333333333	0.31799590000000005	mg	15.899795	0.04699925	mg	2.3499625	9.299368	mcg	13.284811428571427				0.0	mg	0.0													0.0	g		92.438324	g		0.8501146	g		0.0	mg		0.0	mg	
10	10.0	10.0	10.0	10.0	10.0	10.0	10.0	10.0	10.0	10.0	10.0	10.0	10.0	10.0	10.0	10.0	10.0	10.0	10.0	10.0	10.0	10.0	10.0	10.0	10.0	10.0	1.0										Mushrooms, white, microwaved	6.0404089999999995	g	2.013469666666667	2.5004014999999997	g	10.001605999999999	0.0	g		0.0	g		0.0	mg		0.0	mg		0.0	mg		0.0	mg		0.0	mg		0.0	mg		0.4599603	g	0.7076312307692307	0.059997055999999986	g	0.29998528	0.0	mg		0.0	mg		0.0	mg		0.0	mg		0.0	mg					0.0	mg		0.0	mg		49.999485	mg		0.0	mg		9.999676	mg					0.0	mg		0.0	mg		0.0	mg		0.02000271	g		0.0	mg		0.0	mg		9.999676	mg								0.0	mg		9.999676	mg								0.0	mg		0.0	mg								0.0	mg		0.27998212	g					280.0042	mg																				0.0	mg								0.0	mg		0.0	mg		0.0	mg								0.0	mg								0.0	mg					0.0	mg		0.0	mg														280.0042	mg		3.9095852	g	7.819170400000001	39.005146	mg		122.00841499999999	mg		85.992775	mg		137.01031	mg		122.9922	mg		35.995106	mg		13.997976000000001	mg		97.00157	mg		49.999485	mg		265.03806000000003	mg		88.99994000000002	mg		65.00506	mg		227.02003	mg		221.97212000000002	mg		390.94513	mg		104.00465	mg		86.99301	mg		107.98801399999999	mg					0.0	IU	0.0	0.0	mcg		0.0	mcg		0.0	mcg		0.0	mcg		0.0	mcg		0.0	mcg		0.0	mcg		0.0	mg	0.0	27.000887	IU	6.75022175	0.0	mg	0.0	0.0	mg		0.0	mg		0.0	mg		0.0	mcg	0.0	0.059997055999999986	mg	3.9998037333333336	0.43099877	mg	25.35286882352941	5.3496120000000005	mg	26.74806	0.04899795	mg	2.4498975	15.999457999999999	mcg	3.9998645	15.999457999999999	mcg		0.0	mcg		15.999457999999999	mcg		0.0	mcg	0.0	1.9598072	mg	19.598072	30.301481	mg		10.099763000000001	mg		5.9997916	mg	0.59997916	0.33000058	mg	1.8333365555555559	13.997976000000001	mg	3.4994940000000003	127.0073	mg	12.70073	487.9529	mg	13.94151142857143	17.000992	mg	0.7083746666666667	0.72990394	mg	4.866026266666667	0.36998367	mg	18.4991835	0.06400277	mg	3.2001385	18.00149	mcg	25.716414285714286				0.0	mg	0.0													0.0	g		88.51523	g		1.0798948	g		0.0	mg		0.0	mg	
11	11.0	11.0	11.0	11.0	11.0	11.0	11.0	11.0	11.0	11.0	11.0	11.0	11.0	11.0	11.0	11.0	11.0	11.0	11.0	11.0	11.0	11.0	11.0	11.0	11.0	1.0											Lemon juice, raw	8.628672	g	2.876224	0.399974	g	1.599896				2.399635	g														0.0	mg		0.0	mg		0.0	g	0.0	0.0	g	0.0	0.0	mg		0.0	mg		0.0	mg		0.0	mg		0.0	mg		0.0	mg		0.0	mg		0.0	mg		0.0	mg		0.0	mg		0.0	mg		0.0	mg		0.0	mg		0.0	mg		0.0	mg		0.0	g		0.0	mg		0.0	mg		0.0	mg		0.0	mg		0.0	mg		0.0	mg		0.0	mg		0.0	mg		0.0	mg		0.0	mg		0.0	mg		0.0	mg		0.0	mg		0.0	mg		0.0	g		0.0	mg		0.0	mg		0.0	mg		0.0	mg		0.0	mg		0.0	mg		0.0	mg		0.0	mg		0.0	mg		0.0	mg		0.0	mg		0.0	mg		0.0	mg		0.0	mg		0.0	mg		0.0	mg		0.0	mg		0.0	mg		0.0	mg		0.0	mg		0.0	mg		0.0	mg		0.0	mg		0.0	g		0.0	g		0.0	g		0.0	mg		0.0	mg		0.380008	g	0.7600159999999999																																																										20.001848000000006	IU	0.40003696	0.0	mcg		1.0000149	mcg		0.0	mcg		3.0001352000000003	mcg		17.000992	mcg		0.0	mcg		8.999572	mcg		45.993046	mg	76.65507666666667				0.15001008	mg	0.7500503999999999										0.0	mcg	0.0	0.029999979	mg	1.9999986	0.010001244	mg	0.5883084705882353	0.10000421	mg	0.50002105	0.050996296	mg	2.5498148	13.000965	mcg	3.25024125	13.000965	mcg		0.0	mcg		13.000965	mcg		0.0	mcg	0.0	0.10300037	mg	1.0300037	5.099544	mg					7.0002130000000005	mg	0.7000213000000001	0.029999979	mg	0.16666655	5.9997916	mg	1.4999479	5.9997916	mg	0.59997916	123.98392	mg	3.5423977142857144	1.0000149	mg	0.0416672875	0.050003715	mg	0.3333581	0.0290007	mg	1.450035	0.008000115	mg	0.40000575	0.10000421	mcg	0.14286315714285713				0.0	mg	0.0													0.0	g		90.73198	g		0.2599705	g		0.0	mg		0.0	mg	
12	12.0	12.0	12.0	12.0	12.0	12.0	12.0	12.0	12.0	12.0	12.0	12.0	12.0	12.0	12.0	12.0	12.0	12.0	12.0	12.0	12.0	12.0	12.0	12.0	1.0												Wheat flour, white, all-purpose, unenriched	76.30686999999998	g	25.43562333333333	2.7000108	g	10.8000432				0.26996553	g																				0.97996026	g	1.5076311692307691	0.15498988	g	0.7749493999999999	0.0	mg		0.0	mg		0.0	mg		0.0	mg		0.0	mg					0.0	mg					147.99121	mg					7.0002130000000005	mg														0.08700143	g								0.0	mg											86.99301	mg								0.0	mg		0.0	mg											0.41306373	g					390.94513	mg																				21.99718	mg								0.0	mg														0.0	mg								0.0	mg					0.0	mg		0.0	mg											21.99718	mg		390.94513	mg		10.329464999999999	g	20.658929999999998	127.0073	mg		280.99536	mg		356.9722	mg		710.1103	mg		227.97006000000002	mg		183.00061000000002	mg		218.99742	mg		519.99713	mg		312.01794	mg		415.0159	mg		417.02047999999996	mg		230.0298	mg		331.97476	mg		434.9439	mg		3479.2212	mg		371.00146	mg		1197.9764	mg		516.00354	mg					0.0	IU	0.0	0.0	mcg		0.0	mcg		0.0	mcg		0.0	mcg		0.0	mcg		0.0	mcg		18.00149	mcg		0.0	mg	0.0				0.059997055999999986	mg	0.29998528										0.29997736	mcg	0.3749717	0.11998849	mg	7.999232666666668	0.03999539	mg	2.3526700000000003	1.2500091	mg	6.2500455000000015	0.043997972999999996	mg	2.19989865	25.996523	mcg	6.499130750000001	25.996523	mcg		0.0	mcg		25.996523	mcg		0.0	mcg	0.0	0.43799340000000003	mg	4.3799339999999995	10.399388	mg					14.998988	mg	1.4998988000000002	1.1699044	mg	6.499468888888887	21.99718	mg	5.499295	107.98801399999999	mg	10.7988014	106.98669	mg	3.056762571428572	1.9998936999999999	mg	0.08332890416666668	0.70000964	mg	4.6667309333333336	0.14401993	mg	7.2009965	0.6820046999999999	mg	34.100235	33.89646	mcg	48.42351428571428				0.0	mg	0.0													0.0	g		11.920785	g		0.4699889	g		0.0	mg		0.0	mg	
13	13.0	13.0	13.0	13.0	13.0	13.0	13.0	13.0	13.0	13.0	13.0	13.0	13.0	13.0	13.0	13.0	13.0	13.0	13.0	13.0	13.0	13.0	13.0	1.0													Wheat flour, whole-grain	72.577126	g	24.19237533333333	12.199736	g	48.798944				0.41001576	g																				1.8699683	g	2.876874307692308	0.32201746	g	1.6100873	0.0	mg		0.0	mg		18.00149	mg		0.0	mg		0.0	mg					3.0001352000000003	mg					270.97827	mg					14.998988	mg														0.23199381	g								13.000965	mg											218.99742	mg								0.0	mg		0.0	mg											0.7789043000000001	g					738.0181	mg																				38.0033	mg								0.0	mg														1.9998937	mg								0.0	mg					0.0	mg		0.0	mg											38.0033	mg		738.0181	mg		13.699901	g	27.399802	212.00613	mg		394.9846	mg		507.945	mg		925.8938	mg		377.97864	mg		212.00613	mg		316.9681	mg		645.9075	mg		399.96414	mg		618.0981400000003	mg		641.97723	mg		316.9681	mg		487.01334	mg		703.0739	mg		4324.4443	mg		552.0137	mg		1422.154	mg		645.9075	mg					8.999572	IU	0.17999144	0.0	mcg		0.0	mcg		0.0	mcg		5.0005703	mcg		0.0	mcg		0.0	mcg		219.98453	mcg		0.0	mg	0.0				0.8200373	mg	4.1001864999999995										1.9002618	mcg	2.37532725	0.44696814	mg	29.797876000000002	0.21498322	mg	12.646071764705885	6.365172	mg	31.82586	0.34102574	mg	17.051287000000002	43.998653	mcg	10.99966325	43.998653	mcg		0.0	mcg		43.998653	mcg		0.0	mcg	0.0	1.0080863000000002	mg	10.080863	31.200365	mg		72.81064599999998	mg		33.994606	mg	3.3994606	3.8795521	mg	21.553067222222232	137.98203	mg	34.4955075	346.02054	mg	34.602053999999995	405.00647	mg	11.571613428571426	5.0005703	mg	0.2083570958333333	2.9296358	mg	19.530905333333333	0.38197133	mg	19.0985665	3.7993655	mg	189.968275	70.6903	mcg	100.98614285714285				0.0	mg	0.0													0.0	g		10.269904	g		1.6000471	g		0.0	mg		0.0	mg	
14	14.0	14.0	14.0	14.0	14.0	14.0	14.0	14.0	14.0	14.0	14.0	14.0	14.0	14.0	14.0	14.0	14.0	14.0	14.0	14.0	14.0	14.0	1.0														Rice, white, long-grain, regular, cooked	28.170465000000004	g	9.390155	0.399974	g	1.599896				0.050003715	g																				0.27998212	g	0.43074172307692304	0.076989114	g	0.38494557	0.0	mg		0.0	mg		0.0	mg		0.0	mg		0.0	mg					1.9998936999999999	mg					69.007515	mg					5.0005703	mg														0.08799642	g								1.0000149	mg											86.99301	mg								0.0	mg		0.0	mg											0.07599341	g					62.006737	mg																				13.000964999999999	mg								0.0	mg														0.0	mg								0.0	mg					0.0	mg		0.0	mg											13.000964999999999	mg		62.006737	mg		2.6896188	g	5.3792376	31.00055	mg		96.00954399999999	mg		116.00763	mg		221.97212000000002	mg		97.00157	mg		62.99049	mg		55.004826	mg		144.00497	mg		90.00624	mg		164.01341000000005	mg		223.97768	mg		62.99049	mg		155.9968	mg		252.97595	mg		524.0216	mg		122.00841499999999	mg		127.0073	mg		140.98398	mg					0.0	IU	0.0	0.0	mcg		0.0	mcg		0.0	mcg		0.0	mcg		0.0	mcg		0.0	mcg		0.0	mcg		0.0	mg	0.0				0.03999539	mg	0.19997695										0.0	mcg	0.0	0.16300610000000001	mg	10.867073333333332	0.012998266000000001	mg	0.7646038823529412	1.4760225	mg	7.3801125	0.09299165	mg	4.649582499999998	57.998978	mcg	14.499744499999998	3.0001352000000003	mcg		55.004826	mcg		97.00157	mcg		0.0	mcg	0.0	0.39005193	mg	3.9005193	2.1000167999999997	mg		0.29997736	mg		9.999676	mg	0.9999676	1.1999991	mg	6.666661666666667	12.00148	mg	3.00037	43.006485	mg	4.3006484999999985	35.00304000000001	mg	1.0000868571428572	1.0000149	mg	0.0416672875	0.49007404	mg	3.2671602666666666	0.069009766	mg	3.4504883	0.47195990000000004	mg	23.597995	7.500842599999999	mcg	10.715489428571429	41.101963	mcg		0.0	mg	0.0													0.0	g		68.43355600000001	g		0.41001576	g		0.0	mg		0.0	mg	
15	15.0	15.0	15.0	15.0	15.0	15.0	15.0	15.0	15.0	15.0	15.0	15.0	15.0	15.0	15.0	15.0	15.0	15.0	15.0	15.0	15.0	1.0															Rice, white, long-grain, regular, raw, unenriched	79.94528000000003	g	26.648426666666666	1.3000101	g	5.200040400000002				0.11998849	g																				0.65998816	g	1.0153664	0.18000458	g	0.9000229	0.0	mg		0.0	mg		0.0	mg		0.0	mg		0.0	mg					3.9998012	mg					160.98587	mg					12.00148	mg														0.20601639	g								1.9998937	mg											203.00862	mg								0.0	mg		0.0	mg											0.17700617	g					146.00793000000004	mg																				31.00055	mg								0.0	mg														0.0	mg								0.0	mg					0.0	mg		0.0	mg											31.00055	mg		146.00793000000004	mg		7.1295886	g	14.2591772	83.00719000000002	mg		255.01575	mg		308.0343299999999	mg		589.0212	mg		257.982	mg		168.01292	mg		146.00793000000004	mg		381.02634	mg		237.9974	mg		434.9439	mg		593.9613	mg		168.01292	mg		413.02097	mg		669.9995	mg		1389.1924	mg		325.0105	mg		334.97418	mg		374.9553	mg					0.0	IU	0.0	0.0	mcg		0.0	mcg		0.0	mcg		0.0	mcg		0.0	mcg		0.0	mcg		0.0	mcg		0.0	mg	0.0				0.11000829	mg	0.5500414499999999										0.10000421	mcg	0.1250052625	0.07000633	mg	4.667088666666666	0.04899795	mg	2.8822323529411764	1.6000471	mg	8.000235499999999	0.16401017	mg	8.2005085	8.001201	mcg	2.00030025	8.001201	mcg		0.0	mcg		8.001201	mcg		0.0	mcg	0.0	1.013938	mg	10.13938	5.800763	mg					27.999046000000003	mg	2.7999046	0.7999781	mg	4.444322777777779	24.997374	mg	6.2493435	115.0058	mg	11.50058	115.0058	mg	3.28588	5.0005703	mg	0.2083570958333333	1.0900112	mg	7.266741333333332	0.21996589	mg	10.9982945	1.0879104	mg	54.39552	15.100519	mcg	21.57217				0.0	mg	0.0													0.0	g		11.618315	g		0.63991547	g		0.0	mg		0.0	mg	
16	16.0	16.0	16.0	16.0	16.0	16.0	16.0	16.0	16.0	16.0	16.0	16.0	16.0	16.0	16.0	16.0	16.0	16.0	16.0	16.0	1.0																Potato, flesh and skin, raw	18.419085	g	6.139695	2.2001946	g	8.8007784	15.438982999999999	g		0.77990705	g		170.02178999999995	mg		329.95474	mg		270.02243	mg		0.0	mg		0.0	mg		0.0	mg		0.08999106	g	0.1384477846153846	0.026000517999999997	g	0.13000259	0.0	mg		0.0	mg		0.0	mg		1.0000149	mg		3.0001352000000003	mg					1.0000149	mg					15.999457999999999	mg					3.9998012000000003	mg														0.0020000192	g								1.0000149	mg											1.0000149	mg								0.0	mg		0.0	mg											0.042997424000000006	g					32.002308	mg																				9.999676	mg								0.0	mg														0.0	mg								0.0	mg					0.0	mg		0.0	mg											9.999676	mg		32.002308	mg		2.0199187	g	4.0398374	32.002308	mg		74.9946	mg		83.99968	mg		123.98392	mg		125.9914	mg		33.004616	mg		25.996523	mg		91.99396999999999	mg		76.996315	mg		117.01818	mg		94.99714	mg		44.999252	mg		63.98985	mg		505.99072	mg		347.02237	mg		62.006737	mg		73.98957	mg		90.00624	mg					1.9998936999999999	IU	0.039997873999999996	0.0	mcg		0.0	mcg		0.0	mcg		1.0000149	mcg		0.0	mcg		0.0	mcg		8.001201	mcg		19.702114	mg	32.83685666666667				0.010001244	mg	0.05000622	0.0	mg		0.0	mg		0.0	mg		1.9002618000000002	mcg	2.37532725	0.08000208	mg	5.333472	0.032003943	mg	1.8825848823529407	1.0541645	mg	5.2708225	0.29499155	mg	14.7495775	15.999457999999999	mcg	3.9998645	15.999457999999999	mcg		0.0	mcg		15.999457999999999	mcg		0.0	mcg	0.0	0.29603928	mg	2.9603928	12.098258999999999	mg		0.19998784	mg		12.00148	mg	1.2001480000000002	0.77990705	mg	4.332816944444445	23.001692000000002	mg	5.7504230000000005	57.00155	mg	5.7001550000000005	421.05875	mg	12.03025	5.9997916	mg	0.24999131666666666	0.28999484	mg	1.9332989333333328	0.10799419	mg	5.3997095	0.15299834	mg	7.6499169999999985	0.29997736	mcg	0.4285390857142858				0.0	mg	0.0	5.0005703	mg											0.0	g		79.3313	g		1.0798948	g		0.0	mg		0.0	mg	
17	17.0	17.0	17.0	17.0	17.0	17.0	17.0	17.0	17.0	17.0	17.0	17.0	17.0	17.0	17.0	17.0	17.0	17.0	17.0	1.0																	Potatoes, boiled, cooked without skin, flesh, without salt	20.008274	g	6.669424666666668	1.7997968999999998	g	7.199187599999999				0.8501146	g		190.00949	mg		370.0493	mg		300.02628	mg		0.0	mg		0.0	mg		0.0	mg		0.10000421	g	0.15385263076923075	0.026000518	g	0.13000259	0.0	mg		0.0	mg		0.0	mg		1.0000149	mg		3.0001352000000003	mg					1.0000149	mg					15.999458	mg					3.9998012	mg														0.0020000192	g								1.0000149	mg											1.0000149	mg								0.0	mg		0.0	mg											0.042997424000000006	g					32.002308	mg																				9.999676	mg								0.0	mg														0.0	mg								0.0	mg					0.0	mg		0.0	mg											9.999676	mg		32.002308	mg		1.7101287	g	3.4202574	27.000887	mg		62.006737	mg		69.98983	mg		103.00716	mg		104.00465	mg		27.000887	mg		21.99718	mg		75.98886999999998	mg		63.98985	mg		96.009544	mg		79.000694	mg		38.0033	mg		52.99285500000001	mg		419.03476	mg		287.01648	mg		51.005302	mg		62.006737	mg		74.9946	mg					3.0001352000000003	IU	0.060002704	0.0	mcg		0.0	mcg		0.0	mcg		1.9998937	mcg		0.0	mcg		0.0	mcg		8.999572	mcg		7.400309	mg	12.333848333333332				0.010001244	mg	0.05000622	0.0	mg		0.0	mg		0.0	mg		2.1000168	mcg	2.6250210000000003	0.09801246	mg	6.534164	0.019001834	mg	1.117754941176471	1.3121866000000002	mg	6.560933	0.26900974	mg	13.450486999999999	8.999572	mcg	2.249893	8.999572	mcg		0.0	mcg		8.999572	mcg		0.0	mcg	0.0	0.5090458	mg	5.090458	13.198757	mg		0.19998784	mg		8.001201	mg	0.8001201	0.31000248	mg	1.722236	20.001848000000006	mg	5.0004620000000015	39.99484	mg	3.999484	328.05237	mg	9.372924857142856	5.0005703	mg	0.2083570958333333	0.26996553	mg	1.7997702000000002	0.1670054	mg	8.35027	0.13997783	mg	6.998891499999999	0.29997736	mcg	0.4285390857142858				0.0	mg	0.0													0.0	g		77.46770500000002	g		0.7201088999999999	g		0.0	mg		0.0	mg	
18	18.0	18.0	18.0	18.0	18.0	18.0	18.0	18.0	18.0	18.0	18.0	18.0	18.0	18.0	18.0	18.0	18.0	18.0	1.0																		Potatoes, boiled, cooked in skin, flesh, without salt	20.130774	g	6.7102580000000005	1.7997968999999998	g	7.199187599999999				0.8700293	g		190.00949	mg		370.0493	mg		300.02628	mg		0.0	mg		0.0	mg		0.0	mg		0.10000421	g	0.15385263076923075	0.026000517999999997	g	0.13000259	0.0	mg		0.0	mg		0.0	mg		1.0000149	mg		3.0001352000000003	mg					1.0000149	mg					15.999457999999999	mg					3.9998012000000003	mg														0.0020000192	g								1.0000149	mg											1.0000149	mg								0.0	mg		0.0	mg											0.042997424000000006	g					32.002308	mg																				9.999676	mg								0.0	mg														0.0	mg								0.0	mg					0.0	mg		0.0	mg											9.999676	mg		32.002308	mg		1.8699683	g	3.7399366	28.996819	mg		67.99529	mg		75.98886999999998	mg		112.01593999999999	mg		114.01263	mg		30.00122	mg		23.998045	mg		83.00719000000002	mg		69.007515	mg		105.01179499999999	mg		85.992775	mg		40.99647	mg		57.00155	mg		457.0017	mg		314.029	mg		56.003280000000004	mg		66.99792	mg		81.00518000000002	mg					3.0001352000000003	IU	0.060002704000000004	0.0	mcg		0.0	mcg		0.0	mcg		1.9998936999999999	mcg		0.0	mcg		0.0	mcg		8.999572	mcg		13.000964999999999	mg	21.668275				0.010001244	mg	0.05000622										2.1000167999999997	mcg	2.6250210000000003	0.10601663	mg	7.0677753333333335	0.02000271	mg	1.1766299999999998	1.439011	mg	7.195055000000001	0.29901206	mg	14.950603	9.999676	mcg	2.499919	9.999676	mcg		0.0	mcg		9.999676	mcg		0.0	mcg	0.0	0.5199749	mg	5.199749	13.498934	mg		0.19998784	mg		5.0005703	mg	0.5000570299999999	0.31000248	mg	1.722236	21.99718	mg	5.499295	43.998653000000004	mg	4.399865299999999	378.95123	mg	10.827178	3.9998012000000003	mg	0.16665838333333333	0.29997736	mg	1.9998490666666668	0.18802682	mg	9.401341	0.13799922	mg	6.899961	0.29997736	mcg	0.4285390857142858	49.392845	mcg		0.0	mg	0.0													0.0	g		76.97159	g		0.92010146	g		0.0	mg		0.0	mg	
19	19.0	19.0	19.0	19.0	19.0	19.0	19.0	19.0	19.0	19.0	19.0	19.0	19.0	19.0	19.0	19.0	19.0	1.0																			Carrots, cooked, boiled, drained, without salt	8.220069	g	2.7400230000000003	3.0001352000000003	g	12.0005408	0.17000008	g		3.450218	g		2700.2790000000005	mg		399.96414	mg		359.96616	mg		0.0	mg		0.0	mg		0.0	mg		0.18000458	g	0.27693012307692305	0.029999979	g	0.149999895	0.0	mg		0.0	mg		0.0	mg		0.0	mg		0.0	mg					0.0	mg		0.0	mg		28.996819	mg		0.0	mg		1.0000149	mg					0.0	mg		0.0	mg		0.0	mg		0.006000858299999999	g		0.0	mg		0.0	mg		1.0000149	mg								0.0	mg		5.0005703	mg								0.0	mg		0.0	mg											0.08900268	g					86.99301	mg																				1.0000149	mg								0.0	mg		0.0	mg		0.0	mg								0.0	mg								0.0	mg					0.0	mg		0.0	mg											1.0000149	mg		86.99301	mg		0.76009446	g	1.5201889199999998																																																										17035.656000000006	IU	340.71311999999995	0.0	mcg		851.97736	mcg		3776.2183	mcg		8333.159	mcg		0.0	mcg		0.0	mcg		686.99927	mcg		3.5997064	mg	5.999510666666668				1.0300399	mg	5.1501995	0.02000271	mg		0.010001244	mg		0.0	mg		13.699901	mcg	17.12487625	0.06599552	mg	4.399701333333334	0.043997973	mg	2.58811605882353	0.64508325	mg	3.22541625	0.15299834	mg	7.6499169999999985	13.997976	mcg	3.4994940000000003	13.997976	mcg		0.0	mcg		13.997976	mcg		0.0	mcg	0.0	0.23199381	mg	2.3199381000000003	8.799439999999997	mg		0.10000421	mg		30.00122	mg	3.000122	0.34003833	mg	1.8891018333333327	9.999676	mg	2.499919	30.00122	mg	3.000122	235.03435	mg	6.715267142857143	57.998978	mg	2.4166240833333332	0.19998784	mg	1.3332522666666666	0.017001577	mg	0.85007885	0.15498988	mg	7.7494939999999986	0.70000964	mcg	1.0000137714285713	47.49452	mcg		0.0	mg	0.0													0.0	g		90.179886	g		0.67004347	g		0.0	mg		0.0	mg	
20	20.0	20.0	20.0	20.0	20.0	20.0	20.0	20.0	20.0	20.0	20.0	20.0	20.0	20.0	20.0	20.0	1.0																				Carrots, raw [Includes USDA commodity food A099]	9.581406	g	3.1938020000000003	2.799857	g	11.199428	1.4297891	g		4.739326	g		3590.4924	mg		589.96796	mg		550.0665	mg		0.0	mg		0.0	mg		0.0	mg		0.23998661	g	0.3692101692307692	0.037002373	g	0.185011865	0.0	mg		0.0	mg		0.0	mg		0.0	mg		0.0	mg					0.0	mg		0.0	mg		35.00304000000001	mg		0.0	mg		1.9998936999999999	mg					0.0	mg		0.0	mg		0.0	mg		0.013999227	g		0.0	mg		0.0	mg		1.9998936999999999	mg								0.0	mg		12.00148	mg								0.0	mg		0.0	mg											0.11699465	g					115.0058	mg																				1.9998936999999999	mg								0.0	mg		0.0	mg		0.0	mg								0.0	mg								0.0	mg					0.0	mg		0.0	mg		0.0	g								1.9998936999999999	mg		115.0058	mg		0.9299177	g	1.8598354																																																										16705.088	IU	334.10176	0.0	mcg		834.90857	mcg		3476.9866	mcg		8285.114	mcg		0.0	mcg		1.0000149	mcg		256.00067	mcg		5.900386	mg	9.833976666666667				0.65998816	mg	3.2999408000000003	0.010001244	mg		0.0	mg		0.0	mg		13.198757	mcg	16.49844625	0.06599552	mg	4.399701333333334	0.05799291	mg	3.4113476470588235	0.9831165000000001	mg	4.915582499999998	0.13799922	mg	6.899961	18.999727	mcg	4.74993175	18.999727	mcg		0.0	mcg		18.999727	mcg		0.0	mcg	0.0	0.27302924	mg	2.7302923999999997	8.799439999999997	mg		0.399974	mg		33.004616	mg	3.3004616	0.29997736	mg	1.6665408888888893	12.00148	mg	3.00037	35.00304000000001	mg	3.5003040000000003	320.0375	mg	9.143928571428573	69.007515	mg	2.875313125	0.23998661	mg	1.5999107333333331	0.04500649	mg	2.2503245	0.14299867	mg	7.1499335	0.10000421	mcg	0.14286315714285713	3.2003049999999997	mcg		0.0	mg	0.0													0.0	g		88.28805	g		0.96992815	g		0.0	mg		0.0	mg	
21	21.0	21.0	21.0	21.0	21.0	21.0	21.0	21.0	21.0	21.0	21.0	21.0	21.0	21.0	21.0	1.0																					Broccoli, raw	6.6409205999999985	g	2.2136402000000004	2.600379	g	10.401516	0.0	g		1.7002631	g		100.00745	mg		489.99487	mg		679.97345	mg		209.97284	mg		209.97284	mg		0.0	mg		0.36998367	g	0.5692056461538462	0.03899381	g	0.19496905	0.0	mg		0.0	mg		0.0	mg		0.0	mg		0.0	mg					1.0000149	mg		0.0	mg		28.996819	mg		0.0	mg		5.9997916	mg					1.9998937	mg		1.9998937	mg					0.011001872	g		0.0	mg		0.0	mg		0.0	mg								1.0000149	mg		9.999676	mg								0.0	mg		0.0	mg											0.038004167	g					17.000992	mg																				21.002775	mg					0.0	mg		0.0	mg		0.0	mg		0.0	mg								0.0	mg								0.0	mg					0.0	mg		0.0	mg											21.002775	mg		17.000992	mg		2.819721	g	5.639442	33.004616	mg		88.00489	mg		79.000694	mg		128.98085	mg		135.00063	mg		38.0033	mg		27.999046000000003	mg		117.01818	mg		49.999485	mg		124.98363	mg		190.9886	mg		58.99490400000001	mg		104.00465	mg		325.0105	mg		541.9981	mg		88.99994000000002	mg		109.98353600000002	mg		120.99363	mg					623.082	IU	12.46164	0.0	mcg		31.00055	mcg		24.997374	mcg		361.00836	mcg		1.0000149	mcg		0.0	mcg		1403.0955	mcg		89.200294	mg	148.66715666666667				0.77990705	mg	3.8995352500000013	0.010001244	mg		0.17000008	mg		0.0	mg		101.59408	mcg	126.9926	0.07099395	mg	4.7329300000000005	0.11699465	mg	6.882038235294117	0.63909245	mg	3.1954622500000003	0.17501602	mg	8.750801	62.99049	mcg	15.7476225	62.99049	mcg		0.0	mcg		62.99049	mcg		0.0	mcg	0.0	0.57304883	mg	5.7304882999999975	18.70299	mg		0.10000421	mg		46.99369	mg	4.699369	0.72990394	mg	4.0550218888888905	21.002775	mg	5.25069375	65.993965	mg	6.599396500000001	315.95154	mg	9.027186857142855	33.004616	mg	1.3751923333333331	0.41001576	mg	2.7334384	0.04899795	mg	2.4498975	0.20997734	mg	10.498867	2.5004015	mcg	3.572002142857144				0.0	mg	0.0													0.0	g		89.2863	g		0.8700293	g		0.0	mg		0.0	mg	
22	22.0	22.0	22.0	22.0	22.0	22.0	22.0	22.0	22.0	22.0	22.0	22.0	22.0	22.0	1.0																						Melons, cantaloupe, raw [includes USDA commodity food A415]	8.790971	g	2.9303236666666668	0.89990973	g	3.59963892	0.029999979	g		7.861061	g		4349.5215	mg		1540.0865	mg		1869.8605	mg		0.0	mg		39.99484	mg		60.007927	mg		0.18997993	g	0.29227681538461536	0.050996295999999997	g	0.25498148	0.0	mg		0.0	mg		0.0	mg		0.0	mg		1.0000149	mg					1.0000149	mg					43.006485	mg					5.0005703	mg														0.0030005984000000003	g								0.0	mg											3.0001352000000003	mg								0.0	mg		0.0	mg											0.080996916	g					35.00304000000001	mg																				45.993046	mg								0.0	mg														0.0	mg								0.0	mg					0.0	mg		0.0	mg											45.993046	mg		35.00304000000001	mg		0.8400584000000001	g	1.6801167999999995	1.9998936999999999	mg		17.000992	mg		21.002775	mg		28.996819	mg		30.00122	mg		12.00148	mg		1.9998936999999999	mg		23.001692000000002	mg		13.997976000000001	mg		33.004616	mg		28.996819	mg		14.998988	mg		94.99714	mg		136.00175	mg		209.03063999999998	mg		25.996523	mg		18.999727	mg		41.996196999999995	mg					3382.2456	IU	67.644912	0.0	mcg		168.98723	mcg		15.999457999999999	mcg		2019.7220000000002	mcg		1.0000149	mcg		0.0	mcg		25.996523	mcg		36.695625	mg	61.159375				0.050003715	mg	0.250018575	0.0	mg		0.11000829	mg		0.0	mg		2.5004014999999997	mcg	3.1255018750000003	0.04099507	mg	2.7330046666666665	0.019001834	mg	1.117754941176471	0.7339063	mg	3.6695315	0.0719953	mg	3.599765	21.002775	mcg	5.25069375	21.002775	mcg		0.0	mcg		21.002775	mcg		0.0	mcg	0.0	0.104990266	mg	1.04990266	7.6003	mg		0.10000421	mg		8.999572	mg	0.8999572	0.20997734	mg	1.166540777777778	12.00148	mg	3.00037	14.998988	mg	1.4998988000000002	267.0035	mg	7.628671428571428	15.999457999999999	mg	0.6666440833333334	0.18000458	mg	1.2000305333333332	0.04099507	mg	2.0497535	0.04099507	mg	2.0497535	0.399974	mcg	0.5713914285714286	1.0000149	mcg		0.0	mg	0.0	9.999676	mg											0.0	g		90.15092	g		0.65008354	g		0.0	mg		0.0	mg	
23	23.0	23.0	23.0	23.0	23.0	23.0	23.0	23.0	23.0	23.0	23.0	23.0	23.0	1.0																							Melons, honeydew, raw	9.089649	g	3.0298830000000003	0.7999781	g	3.1999124	0.0	g		8.120325	g		2479.9248	mg		2680.4019	mg		2960.1145	mg		0.0	mg		0.0	mg		0.0	mg		0.13997783	g	0.21535050769230768	0.038004167	g	0.190020835	0.0	mg		0.0	mg		0.0	mg		0.0	mg		1.9998937	mg					1.9998937	mg					32.002308	mg					3.0001352000000003	mg														0.0030005984000000003	g								0.0	mg											3.0001352000000003	mg								0.0	mg		0.0	mg											0.059005886	g					25.996523	mg																				33.004616	mg								0.0	mg														0.0	mg								0.0	mg					0.0	mg		0.0	mg											33.004616	mg		25.996523	mg		0.539928	g	1.079856	5.0005703	mg		13.000965	mg		13.000965	mg		15.999458	mg		18.00149	mg		5.0005703	mg		5.0005703	mg		14.998988	mg		9.999676	mg		18.00149	mg		13.997976	mg		5.0005703	mg		43.998653	mg		88.00489	mg		153.01889	mg		15.999458	mg		12.00148	mg		23.001692	mg					49.999485	IU	0.9999896999999999	0.0	mcg		3.0001352000000003	mcg		0.0	mcg		30.00122	mcg		0.0	mcg		0.0	mcg		27.000887	mcg		18.00149	mg	30.00248333333333				0.02000271	mg	0.10001355	0.0	mg		0.029999979	mg		0.0	mg		2.8996646	mcg	3.62458075	0.038004167	mg	2.5336111333333333	0.012001306000000002	mg	0.7059591764705883	0.41801453	mg	2.09007265	0.08799642	mg	4.399821	18.999727	mcg	4.74993175	18.999727	mcg		0.0	mcg		18.999727	mcg		0.0	mcg	0.0	0.15498988	mg	1.5498987999999998	7.6003	mg					5.9997916	mg	0.59997916	0.17000008	mg	0.9444448888888892	9.999676	mg	2.499919	11.000802	mg	1.1000802	227.97006	mg	6.5134302857142865	18.00149	mg	0.7500620833333334	0.08999106	mg	0.5999403999999999	0.023997106	mg	1.1998553	0.026998628	mg	1.3499313999999998	0.70000964	mcg	1.0000137714285713				0.0	mg	0.0													0.0	g		89.832924	g		0.41001576	g		0.0	mg		0.0	mg	
24	24.0	24.0	24.0	24.0	24.0	24.0	24.0	24.0	24.0	24.0	24.0	24.0	1.0																								Honey	82.39615	g	27.46538333333333	0.19998784	g	0.79995136				82.13189	g		890.02344	mg		35744.426	mg		40933.75	mg					1440.0829999999999	mg		3100.2588	mg		0.0	g	0.0	0.0	g	0.0	0.0	mg		0.0	mg		0.0	mg		0.0	mg		0.0	mg		0.0	mg		0.0	mg		0.0	mg		0.0	mg		0.0	mg		0.0	mg		0.0	mg		0.0	mg		0.0	mg		0.0	mg		0.0	g		0.0	mg		0.0	mg		0.0	mg		0.0	mg		0.0	mg		0.0	mg		0.0	mg		0.0	mg		0.0	mg		0.0	mg		0.0	mg		0.0	mg		0.0	mg		0.0	mg		0.0	g		0.0	mg		0.0	mg		0.0	mg		0.0	mg		0.0	mg		0.0	mg		0.0	mg		0.0	mg		0.0	mg		0.0	mg		0.0	mg		0.0	mg		0.0	mg		0.0	mg		0.0	mg		0.0	mg		0.0	mg		0.0	mg		0.0	mg		0.0	mg		0.0	mg		0.0	mg		0.0	mg		0.0	g		0.0	g		0.0	g		0.0	mg		0.0	mg		0.29997736	g	0.59995472	3.9998012000000003	mg		3.9998012000000003	mg		8.001201	mg		9.999676	mg		8.001201	mg		1.0000149	mg		3.0001352000000003	mg		11.000802	mg		8.001201	mg		8.999572	mg		5.0005703	mg		1.0000149	mg		5.9997916	mg		27.000887	mg		18.00149	mg		7.0002130000000005	mg		90.00624	mg		5.9997916	mg					0.0	IU	0.0	0.0	mcg		0.0	mcg		0.0	mcg		0.0	mcg		0.0	mcg		0.0	mcg		0.0	mcg		0.49995255	mg	0.83325425				0.0	mg	0.0										0.0	mcg	0.0	0.0	mg	0.0	0.038004167	mg	2.2355392352941177	0.12100323	mg	0.60501615	0.023997106	mg	1.1998553	1.9998936999999999	mcg	0.499973425	1.9998936999999999	mcg		0.0	mcg		1.9998936999999999	mcg		0.0	mcg	0.0	0.06800502	mg	0.6800501999999999	2.2001946	mg		1.7002631000000001	mg		5.9997916	mg	0.59997916	0.4200384	mg	2.3335466666666664	1.9998936999999999	mg	0.499973425	3.9998012000000003	mg	0.39998012	51.997932	mg	1.4856552	3.9998012000000003	mg	0.16665838333333333	0.21996589	mg	1.4664392666666666	0.036002528	mg	1.8001264	0.08000208	mg	4.000104	0.7999781	mcg	1.1428258571428571	7.0002130000000005	mcg		0.0	mg	0.0													0.0	g		17.099585	g		0.19998784	g		0.0	mg		0.0	mg	
25	25.0	25.0	25.0	25.0	25.0	25.0	25.0	25.0	25.0	25.0	25.0	1.0																									Cucumber, with peel, raw	3.6299057	g	1.2099685666666666	0.49995255	g	1.9998102	0.83012104	g		1.6699326	g		30.00122	mg		759.9105	mg		869.95386	mg		0.0	mg		9.999676	mg		0.0	mg		0.11000829	g	0.16924352307692306	0.037002373	g	0.185011865	0.0	mg		0.0	mg		0.0	mg		0.0	mg		0.0	mg					5.0005703	mg		0.0	mg		27.999046000000003	mg		0.0	mg		5.0005703	mg					0.0	mg		0.0	mg		0.0	mg		0.0050004874	g		0.0	mg		0.0	mg		0.0	mg								0.0	mg		5.0005703	mg								0.0	mg		0.0	mg											0.032003943	g					27.999046000000003	mg																				5.0005703	mg								0.0	mg		0.0	mg		0.0	mg								0.0	mg								0.0	mg					0.0	mg		0.0	mg											5.0005703	mg		27.999046000000003	mg		0.65008354	g	1.30016708	5.0005703	mg		18.999727	mg		21.002775	mg		28.996819	mg		28.996819	mg		5.9997916	mg		3.9998012	mg		18.999727	mg		11.000802	mg		21.99718	mg		43.998653	mg		9.999676	mg		23.998045	mg		40.99647	mg		196.02336	mg		23.998045	mg		14.998988	mg		20.001848000000006	mg					105.011795	IU	2.1002359	0.0	mcg		5.0005703	mcg		11.000802	mcg		44.999252	mcg		25.996523	mcg		0.0	mcg		23.001692	mcg		2.799857	mg	4.666428333333333				0.029999979	mg	0.149999895	0.010001244	mg		0.029999979	mg		0.0	mg		16.400164	mcg	20.500205	0.026998628	mg	1.7999085333333331	0.0330048	mg	1.941458823529412	0.09801246	mg	0.49006229999999995	0.03999539	mg	1.9997695	7.0002130000000005	mcg	1.75005325	7.0002130000000005	mcg		0.0	mcg		7.0002130000000005	mcg		0.0	mcg	0.0	0.25896645	mg	2.5896645000000005	5.9997916	mg		0.10000421	mg		15.999458	mg	1.5999458	0.27998212	mg	1.5554562222222217	13.000965	mg	3.25024125	23.998045	mg	2.3998045	146.99622	mg	4.199892	1.9998937	mg	0.08332890416666668	0.19998784	mg	1.3332522666666666	0.04099507	mg	2.0497535	0.0789936	mg	3.94968	0.29997736	mcg	0.4285390857142858	1.3000101	mcg		0.0	mg	0.0	13.997976	mg											0.0	g		95.241585	g		0.380008	g		0.0	mg		0.0	mg	
26	26.0	26.0	26.0	26.0	26.0	26.0	26.0	26.0	26.0	1.0																											Onions, raw	9.341288	g	3.1137626666666667	1.7002631	g	6.8010524000000006	0.0	g		4.240679	g		989.87256	mg		1969.7441	mg		1289.8392	mg		0.0	mg		0.0	mg		0.0	mg		0.10000421	g	0.15385263076923075	0.04200530400000002	g	0.21002652	0.0	mg		0.0	mg		0.0	mg		0.0	mg		0.0	mg					3.9998012	mg		0.0	mg		33.994606	mg		0.0	mg		3.9998012	mg					0.0	mg		0.0	mg		0.0	mg		0.012998266	g		0.0	mg		0.0	mg		0.0	mg								0.0	mg		13.000965	mg								0.0	mg		0.0	mg											0.017001577	g					13.000965	mg																				3.9998012	mg								0.0	mg		0.0	mg		0.0	mg								0.0	mg								0.0	mg					0.0	mg		0.0	mg											3.9998012	mg		13.000965	mg		1.0998687	g	2.1997374	13.997976	mg		21.002775	mg		13.997976	mg		24.997374	mg		39.005146	mg		1.9998937	mg		3.9998012	mg		24.997374	mg		13.997976	mg		21.002775	mg		104.00465	mg		13.997976	mg		21.002775	mg		90.99468	mg		257.982	mg		24.997374	mg		12.00148	mg		21.002775	mg					1.9998937	IU	0.039997874	0.0	mcg		0.0	mcg		0.0	mcg		1.0000149	mcg		0.0	mcg		0.0	mcg		3.9998012	mcg		7.400309	mg	12.333848333333332				0.02000271	mg	0.10001355	0.0	mg		0.0	mg		0.0	mg		0.399974	mcg	0.4999675	0.046007406	mg	3.0671604	0.026998628	mg	1.588154588235294	0.11601325	mg	0.58006625	0.11998849	mg	5.9994245	18.999727	mcg	4.74993175	18.999727	mcg		0.0	mcg		18.999727	mcg		0.0	mcg	0.0	0.123018466	mg	1.2301846600000002	6.1008716	mg		0.10000421	mg		23.001692	mg	2.3001692000000005	0.20997734	mg	1.166540777777778	9.999676	mg	2.499919	28.996819	mg	2.8996819	146.00793000000004	mg	4.171655142857143	3.9998012	mg	0.16665838333333333	0.17000008	mg	1.1333338666666668	0.03899381	mg	1.9496905	0.12901525	mg	6.4507625	0.49995255	mcg	0.7142179285714286	1.0998687	mcg		0.0	mg	0.0	14.998988	mg											0.0	g		89.11437	g		0.35004202	g		0.0	mg		0.0	mg	
27	27.0	27.0	27.0	27.0	27.0	27.0	27.0	27.0	1.0																												Spinach, raw	3.6299057	g	1.2099685666666666	2.2001946	g	8.8007784				0.4200384	g		69.98983	mg		109.98353600000002	mg		150.00142	mg		0.0	mg		0.0	mg		100.00745	mg		0.39005193	g	0.6000798923076923	0.06300816	g	0.31504079999999995	0.0	mg		0.0	mg		0.0	mg		0.0	mg		0.0	mg					9.999676	mg					48.99776	mg					3.9998012000000003	mg														0.010001244	g								5.0005703	mg											5.0005703	mg								0.0	mg		0.0	mg											0.16502038	g					25.996523	mg																				137.98203	mg								0.0	mg														0.0	mg								0.0	mg					0.0	mg		0.0	mg											137.98203	mg		25.996523	mg		2.859873	g	5.719746	39.005146	mg		122.00841499999999	mg		146.99622	mg		222.97263999999998	mg		174.00005	mg		52.99285500000001	mg		35.00304000000001	mg		128.98085	mg		107.98801399999999	mg		160.98587	mg		162.02348	mg		63.98985	mg		141.98387	mg		239.99352000000002	mg		343.03238	mg		134.00685	mg		112.01593999999999	mg		104.00465	mg					9375.832	IU	187.51664	0.0	mcg		469.04892	mcg		0.0	mcg		5625.861	mcg		0.0	mcg		0.0	mcg		12197.435	mcg		28.098162	mg	46.83027				2.0296798	mg	10.148399000000001	0.0	mg		0.18000458	mg		0.0	mg		482.96268	mcg	603.70335	0.077997684	mg	5.1998456	0.18900086	mg	11.117697647058822	0.7240576999999999	mg	3.6202885	0.19501442	mg	9.750721	194.01866	mcg	48.504665	194.01866	mcg		0.0	mcg		194.01866	mcg		0.0	mcg	0.0	0.06499162	mg	0.6499161999999999	18.00149	mg		550.4200400000002	mg		98.98468000000001	mg	9.898468	2.7095717999999995	mg	15.053176666666666	79.000694	mg	19.7501735	48.99776	mg	4.899776	558.0758	mg	15.945022857142856	79.000694	mg	3.291695583333333	0.529943	mg	3.5329533333333334	0.12997942	mg	6.498971000000001	0.89702034	mg	44.851017	1.0000149	mcg	1.4285927142857144				0.0	mg	0.0	8.999572	mg											0.0	g		91.40483	g		1.7200514	g		0.0	mg		0.0	mg	
28	28.0	28.0	28.0	28.0	28.0	28.0	28.0	1.0																													Grapes, red or green (European type, such as Thompson seedless), raw	18.100069	g	6.033356333333334	0.89990973	g	3.59963892	0.0	g		15.478712	g		150.00142	mg		7200.0024	mg		8129.566999999999	mg		0.0	mg		0.0	mg		0.0	mg		0.1599787	g	0.2461210769230769	0.054003034000000005	g	0.27001517	0.0	mg		0.0	mg		0.0	mg		0.0	mg		0.0	mg					1.0000149	mg					45.993046	mg					5.9997916	mg														0.0069992254000000005	g								0.0	mg											7.0002130000000005	mg								0.0	mg		0.0	mg											0.047996275	g					37.00340300000001	mg																				11.000802	mg								0.0	mg														0.0	mg								0.0	mg					0.0	mg		0.0	mg											11.000802	mg		37.00340300000001	mg		0.7201088999999999	g	1.4402178	11.000802	mg		21.99718	mg		11.000802	mg		21.99718	mg		27.000887	mg		8.999572	mg		9.999676	mg		18.999727	mg		9.999676	mg		21.99718	mg		130.02084	mg		21.99718	mg		21.99718	mg		38.0033	mg		81.00518000000002	mg		15.999458	mg		79.99665999999998	mg		21.99718	mg					65.993965	IU	1.3198793000000002	0.0	mcg		3.0001352000000003	mcg		1.0000149	mcg		39.005146	mcg		0.0	mcg		0.0	mcg		71.9966	mcg		10.801188	mg	18.00198				0.18997993	mg	0.94989965	0.0	mg		0.07000633	mg		0.0	mg		14.599647	mcg	18.24955875	0.069009766	mg	4.600651066666667	0.07000633	mg	4.118019411764706	0.18802682	mg	0.9401341000000001	0.08598960000000001	mg	4.29948	1.9998937	mcg	0.499973425	1.9998937	mcg		0.0	mcg		1.9998937	mcg		0.0	mcg	0.0	0.050003715	mg	0.50003715	5.5993333	mg		0.10000421	mg		9.999676	mg	0.9999676	0.35999107	mg	1.9999503888888888	7.0002130000000005	mg	1.75005325	20.001848000000006	mg	2.0001848	190.9886	mg	5.456817142857144	1.9998937	mg	0.08332890416666668	0.07000633	mg	0.4667088666666667	0.12698478	mg	6.349239	0.07099395	mg	3.5496975	0.10000421	mcg	0.14286315714285713	7.8006806	mcg		0.0	mg	0.0	3.9998012	mg											0.0	g		80.53814	g		0.47992665	g		0.0	mg		0.0	mg	
29	29.0	29.0	29.0	29.0	29.0	1.0																															Mangos, raw	17.000992	g	5.666997333333334	1.7997968999999998	g	7.199187599999999				14.79797	g																				0.26996553	g	0.4153315846153847	0.06599552	g	0.3299776	0.0	mg		0.0	mg		0.0	mg		0.0	mg		1.0000149	mg					8.999572	mg					51.997932	mg					3.0001352000000003	mg														0.10101506	g								48.000683	mg											54.006813	mg								0.0	mg		0.0	mg											0.050996296	g					13.997976	mg																				37.00340300000001	mg								0.0	mg														0.0	mg								0.0	mg					0.0	mg		0.0	mg											37.00340300000001	mg		13.997976	mg		0.5100298	g	1.0200596	8.001201	mg		18.999727	mg		18.00149	mg		31.00055	mg		40.99647	mg		5.0005703	mg					17.000992	mg		9.999676	mg		25.996523	mg		18.999727	mg		12.00148	mg		51.005302	mg		41.996197	mg		60.007927	mg		21.002775	mg		18.00149	mg		21.99718	mg					765.0541400000003	IU	15.301082799999998	0.0	mcg		38.0033	mcg		17.000992	mcg		444.97794000000016	mcg		11.000802	mcg		0.0	mcg		0.0	mcg		27.703794	mg	46.17299000000001				1.1198515	mg	5.5992574999999984										4.199998	mcg	5.2499975	0.05799291	mg	3.866194	0.056997035	mg	3.3527667647058825	0.58403236	mg	2.9201618	0.13399477	mg	6.6997385000000005	13.997976	mcg	3.4994940000000003	13.997976	mcg		0.0	mcg		13.997976	mcg		0.0	mcg	0.0	0.1599787	mg	1.599787	7.6003	mg					9.999676	mg	0.9999676	0.12997942	mg	0.7221078888888891	8.999572	mg	2.249893	11.000802	mg	1.1000802	155.9968	mg	4.457051428571429	1.9998937	mg	0.08332890416666668	0.03999539	mg	0.2666359333333333	0.11000829	mg	5.5004145	0.026998628	mg	1.3499313999999998	0.6000336	mcg	0.857190857142857				0.0	mg	0.0													0.0	g		81.71083	g		0.49995255	g		0.0	mg		0.0	mg	
30	30.0	30.0	30.0	30.0	1.0																																Papayas, raw	9.808767999999999	g	3.269589333333333	1.7997968999999998	g	7.199187599999999				5.900386	g																				0.13997783	g	0.21535050769230768	0.042997424000000006	g	0.21498712	0.0	mg		0.0	mg		0.0	mg		0.0	mg		1.0000149	mg					7.0002130000000005	mg					32.002308	mg					1.9998936999999999	mg														0.038004167	g								20.001848000000006	mg											18.00149	mg								0.0	mg		0.0	mg											0.031001687000000007	g					5.9997916	mg																				24.997374	mg								0.0	mg														0.0	mg								0.0	mg					0.0	mg		0.0	mg											24.997374	mg		5.9997916	mg		0.6099614000000001	g	1.2199228000000002	8.001201	mg		11.000802	mg		8.001201	mg		15.999457999999999	mg		24.997374	mg		1.9998936999999999	mg					8.999572	mg		5.0005703	mg		9.999676	mg		9.999676	mg		5.0005703	mg		13.997976000000001	mg		48.99776	mg		33.004616	mg		18.00149	mg		9.999676	mg		14.998988	mg					1093.873	IU	21.87746	0.0	mcg		55.004826	mcg		0.0	mcg		275.9857	mcg		760.8876	mcg		0.0	mcg		74.9946	mcg		61.807869999999994	mg	103.01311666666668				0.72990394	mg	3.6495197										2.600379	mcg	3.2504737500000003	0.026998627999999997	mg	1.7999085333333331	0.032003943	mg	1.8825848823529407	0.33796316	mg	1.6898158	0.019001834	mg	0.9500917	38.0033	mcg	9.500825	38.0033	mcg		0.0	mcg		38.0033	mcg		0.0	mcg	0.0	0.21798731	mg	2.1798731	6.1008716	mg					23.998045	mg	2.3998044999999997	0.10000421	mg	0.5555789444444444	9.999676	mg	2.499919	5.0005703	mg	0.5000570299999999	256.9894	mg	7.342554285714287	3.0001352000000003	mg	0.1250056333333333	0.07000633	mg	0.4667088666666667	0.01600113	mg	0.8000565	0.011001872	mg	0.5500936	0.6000336	mcg	0.857190857142857				0.0	mg	0.0													0.0	g		88.82856	g		0.6099614000000001	g		0.0	mg		0.0	mg	
31	31.0	31.0	31.0	1.0																																	Apples, raw, with skin [Includes USDA commodity food A343]	13.810373	g	4.6034576666666664	2.399635	g	9.59854	0.050003715	g		10.389371	g		2070.3027	mg		2430.2412	mg		5899.7886	mg		0.0	mg		0.0	mg		0.0	mg		0.17000008	g	0.26153858461538465	0.02799635	g	0.13998175	0.0	mg		0.0	mg		0.0	mg		0.0	mg		0.0	mg					1.0000149	mg					23.998045	mg					3.0001352000000003	mg														0.0069992254000000005	g								0.0	mg											7.0002130000000005	mg								0.0	mg		0.0	mg											0.050996296	g					43.006485	mg																				8.999572	mg								0.0	mg														0.0	mg								0.0	mg					0.0	mg		0.0	mg											8.999572	mg		43.006485	mg		0.2599705	g	0.519941	1.0000149	mg		5.9997916	mg		5.9997916	mg		13.000965	mg		12.00148	mg		1.0000149	mg		1.0000149	mg		5.9997916	mg		1.0000149	mg		12.00148	mg		5.9997916	mg		5.0005703	mg		11.000802	mg		69.98983	mg		24.997374	mg		8.999572	mg		5.9997916	mg		9.999676	mg					54.006813	IU	1.08013626	0.0	mcg		3.0001352000000003	mcg		0.0	mcg		27.000887	mcg		11.000802	mcg		0.0	mcg		28.996819	mcg		4.599805	mg	7.666341666666668				0.18000458	mg	0.9000229	0.0	mg		0.0	mg		0.0	mg		2.2001946	mcg	2.75024325	0.017001577	mg	1.1334384666666668	0.026000518	mg	1.5294422352941175	0.09099031	mg	0.45495155	0.04099507	mg	2.0497535	3.0001352000000003	mcg	0.7500338000000001	3.0001352000000003	mcg		0.0	mcg		3.0001352000000003	mcg		0.0	mcg	0.0	0.061004594	mg	0.61004594	3.3995953	mg		0.10000421	mg		5.9997916	mg	0.59997916	0.11998849	mg	0.6666027222222222	5.0005703	mg	1.250142575	11.000802	mg	1.1000802	106.98669	mg	3.056762571428572	1.0000149	mg	0.0416672875	0.03999539	mg	0.2666359333333333	0.026998628	mg	1.3499313999999998	0.03499428	mg	1.7497140000000002	0.0	mcg	0.0	3.299506	mcg		0.0	mg	0.0	12.00148	mg											0.0	g		85.551926	g		0.18997993	g		0.0	mg		0.0	mg	
32	32.0	32.0	1.0																																		Balsam-pear (bitter gourd), pods, cooked, boiled, drained, without salt	4.320449	g	1.4401496666666669	1.9998936999999999	g	7.999574799999999				1.949755	g																				0.18000458	g	0.27693012307692305	0.013999227	g	0.06999613499999999	0.0	mg		0.0	mg		0.0	mg		0.0	mg		0.0	mg					0.0	mg					9.999676	mg					3.9998012000000003	mg														0.0330048	g								0.0	mg											33.004616	mg								0.0	mg		0.0	mg											0.077997684	g					77.992065	mg																				0.0	mg								0.0	mg														0.0	mg								0.0	mg					0.0	mg		0.0	mg														77.992065	mg		0.8400584000000001	g	1.6801167999999995																																																										112.99172	IU	2.2598344	0.0	mcg		5.9997916	mcg		0.0	mcg		67.99529	mcg		0.0	mcg		0.0	mcg		1322.991	mcg		33.004616	mg	55.00769333333333				0.13997783	mg	0.69988915										4.800629	mcg	6.000786249999999	0.050996295999999997	mg	3.399753066666667	0.053005077000000005	mg	3.1179457058823528	0.27998212	mg	1.3999106000000001	0.04099507	mg	2.0497535	51.005302	mcg	12.7513255	51.005302	mcg		0.0	mcg		51.005302	mcg		0.0	mcg	0.0	0.19300982	mg	1.9300982	10.801188	mg					8.999572	mg	0.8999572	0.380008	mg	2.1111555555555555	15.999457999999999	mg	3.9998645	35.995106	mg	3.5995106	319.01108	mg	9.114602285714287	5.9997916	mg	0.24999131666666666	0.7699371	mg	5.1329139999999995	0.0330048	mg	1.6502400000000002	0.08598960000000001	mg	4.29948	0.19998784	mcg	0.2856969142857143				0.0	mg	0.0													0.0	g		93.93504	g		0.7099883	g		0.0	mg		0.0	mg	
33	33.0	1.0																																			Balsam-pear (bitter gourd), pods, raw	3.7005665	g	1.2335221666666667	2.799857	g	11.199428																									0.17000008	g	0.26153858461538465																																																																																																																																																																																					1.0000149	g	2.0000298																																																										471.0118	IU	9.420236000000001	0.0	mcg		23.998045	mcg		185.0103	mcg		190.00949	mcg								170.02178999999995	mcg		83.99968	mg	139.99946666666665																			0.03999539	mg	2.6663593333333333	0.03999539	mg	2.3526700000000003	0.399974	mg	1.99987	0.042997424000000006	mg	2.1498712	71.9966	mcg	17.99915	71.9966	mcg		0.0	mcg		71.9966	mcg		0.0	mcg	0.0	0.21202035	mg	2.1202035							18.999727	mg	1.8999727	0.43002847	mg	2.3890470555555563	17.000992	mg	4.250248	31.00055	mg	3.100055	296.00555	mg	8.45730142857143	5.0005703	mg	0.2083570958333333	0.7999781	mg	5.333187333333333	0.034002267	mg	1.70011335	0.08900268	mg	4.4501339999999985	0.19998784	mcg	0.2856969142857143				0.0	mg	0.0													0.0	g		94.02561	g		1.0998687	g							
34	1.0																																				Beans, french, mature seeds, raw	64.113304	g	21.37110133333333	25.198938000000002	g	100.79575200000001																									2.0199187	g	3.1075672307692304	0.22103319	g	1.10516595																			5.0005703	mg					186.0234	mg					23.001692000000002	mg														0.13799922	g								3.0001352000000003	mg											135.00063	mg																							1.2069637	g					441.98624	mg																				765.0541400000001	mg																																																					765.0541400000001	mg		441.98624	mg		18.811453	g	37.622906	222.97263999999998	mg		792.06213	mg		830.89526	mg		1501.9772	mg		1291.0829	mg		282.98825	mg		204.97449	mg		1016.94653	mg		529.9465299999999	mg		983.8493	mg		1164.9597	mg		524.0216	mg		789.0148	mg		2276.0894	mg		2869.3005	mg		733.9988400000001	mg		797.93585	mg		1022.84375	mg					8.001201	IU	0.16002402	0.0	mcg		0.0	mcg																	4.599805	mg	7.666341666666668																			0.5350844	mg	35.672293333333336	0.22103319	mg	13.001952352941176	2.0832113999999997	mg	10.416057	0.40100577	mg	20.0502885	398.9376	mcg	99.7344	398.9376	mcg		0.0	mcg		398.9376	mcg		0.0	mcg	0.0	0.7889901999999999	mg	7.889901999999998							186.0234	mg	18.602339999999998	3.3995953	mg	18.88664055555556	188.00589	mg	47.0014725	304.00394	mg	30.400394	1316.2086	mg	37.60596	18.00149	mg	0.7500620833333334	1.9002618000000002	mg	12.668412	0.43997213	mg	21.9986065	1.1999991	mg	59.99995500000001	12.901111	mcg	18.430158571428574				0.0	mg	0.0													0.0	g		10.770002999999999	g		4.299676	g							
1																																					Beans, french, mature seeds, cooked, boiled, with salt	24.021185	g	8.007061666666667	9.401503	g	37.606012																									0.76009446	g	1.1693760923076923	0.08299642	g	0.4149821																			1.9998937	mg					69.98983	mg					8.999572	mg														0.052008193	g								1.0000149	mg											51.005302	mg																							0.453053	g					165.97446	mg																				287.01648	mg																																																					287.01648	mg		165.97446	mg		7.049867	g	14.099734000000002	83.00719	mg		296.95795	mg		311.01724	mg		562.9372	mg		484.04993	mg		105.99464	mg		76.996315	mg		381.02634	mg		199.00539	mg		368.98096	mg		437.04474	mg		196.02336	mg		296.00555	mg		853.0728	mg		1075.0616	mg		275.0122	mg		298.968	mg		383.97525	mg					3.0001352	IU	0.060002704	0.0	mcg		0.0	mcg																	1.1999991	mg	1.9999985000000002																			0.12997942	mg	8.665294666666668	0.062008534	mg	3.6475608235294117	0.5460441	mg	2.7302205	0.104990266	mg	5.2495133	74.9946	mcg	18.74865	74.9946	mcg		0.0	mcg		74.9946	mcg		0.0	mcg	0.0	0.22203398	mg	2.2203398							62.99049	mg	6.299049	1.0798948	mg	5.999415555555554	56.00328	mg	14.00082	101.986465	mg	10.198646499999999	370.0493	mg	10.572837142857143	242.00636	mg	10.083598333333333	0.63991547	mg	4.266103133333334	0.11500275	mg	5.7501375	0.38197133	mg	19.0985665	1.1999991	mcg	1.7142844285714287				0.0	mg	0.0													0.0	g		66.56885	g		1.6098489	g							
